Time,nsteps,dt,dt CFL,dt Viscous,dt Capillary,dt Conduction,dt Interface,dt Surfactant,MIN_X_VELOCITY,MIN_Y_VELOCITY,MIN_Z_VELOCITY,MIN_VELOCITY_MAGNITUDE,MAX_X_VELOCITY,MAX_Y_VELOCITY,MAX_Z_VELOCITY,MAX_VELOCITY_MAGNITUDE,Kinetic Energy,Max(div(V)),FLUID_VOLUME,SOLID_VOLUME,1_TOTAL_VOLUME,2_TOTAL_VOLUME,1_WEST_MASS_FLUX,1_EAST_MASS_FLUX,1_FRONT_MASS_FLUX,1_BACK_MASS_FLUX,1_SOUTH_MASS_FLUX,1_NORTH_MASS_FLUX,2_WEST_MASS_FLUX,2_EAST_MASS_FLUX,2_FRONT_MASS_FLUX,2_BACK_MASS_FLUX,2_SOUTH_MASS_FLUX,2_NORTH_MASS_FLUX,1_CENTROID_X,1_CENTROID_Y,1_CENTROID_Z,2_CENTROID_X,2_CENTROID_Y,2_CENTROID_Z,RMIN_TO_CENTER,RMAX_TO_CENTER,(RMAX-RMIN)_TO_CENTER,RMIN_TO_AXIS,RMAX_TO_AXIS,(RMAX-RMIN)_TO_AXIS,INTERFACE_SURFACE_AREA,ptx(WEST) ,pty(WEST),ptz(WEST),ptx(FRONT) ,pty(FRONT),ptz(FRONT),ptx(SOUTH) ,pty(SOUTH),ptz(SOUTH),ptx(EAST) ,pty(EAST),ptz(EAST),ptx(BACK) ,pty(BACK),ptz(BACK),ptx(NORTH) ,pty(NORTH),ptz(NORTH),PRESSURE_ITERATION,PRESSURE_GMRES_COMP,PRESSURE_MG_RATE,PRESSURE_GAMMA,PRESSURE_RESIDUAL,PT_MVT_GLOBAL,INT_HO_RESIDUAL,TOTAL_ELEMENTS
  9.00000000E-03,      99,  9.09090909E-05,  4.20257845E-05,  4.96763743E-03,  5.77324904E-04,  0.00000000E+00,  4.22822051E-05,  0.00000000E+00, -1.59866282E+00, -1.59872090E+00, -6.23817056E-01,  5.96387395E-08,  1.59869884E+00,  1.59866577E+00,  7.16665534E-01,  1.69172220E+00,  6.26542893E-03,  1.10955196E+01,  9.59048278E-04,  2.43172165E-06,  4.43781911E-04,  5.17698089E-04,  0.00000000E+00,  0.00000000E+00,  0.00000000E+00,  0.00000000E+00,  0.00000000E+00, -5.66882743E-10,  0.00000000E+00,  0.00000000E+00,  0.00000000E+00,  0.00000000E+00,  0.00000000E+00,  0.00000000E+00,  5.01619597E-02,  5.01621116E-02,  4.08306663E-02,  3.68606145E-02,  3.68604842E-02,  8.57184715E-02,  6.50020715E-02,  1.36676002E-01,  7.16739301E-02,  2.93257566E-01,  0.00000000E+00,  2.93257566E-01,  3.48240483E-05,  0.00000000E+00,  0.00000000E+00,  4.50156250E-02,  0.00000000E+00,  0.00000000E+00,  4.32738398E-02,  7.00001432E-02,  7.00001432E-02,  6.96641811E-02,  8.60000000E-02,  0.00000000E+00,  1.67968750E-02,  0.00000000E+00,  8.60000000E-02,  7.32343750E-02,  7.00001407E-02,  7.00001429E-02,  7.00561100E-02,       4,       0,  7.64989869E-03,  1.13639724E-01,  3.79770120E-02,  1.73840156E-04,  9.06865706E-06,  117600
  1.80909091E-02,     199,  9.09090909E-05,  4.15800920E-05,  4.96763743E-03,  5.77324904E-04,  0.00000000E+00,  4.03054964E-05,  0.00000000E+00, -1.61585742E+00, -1.61584222E+00, -6.16257515E-01,  6.60393799E-08,  1.61584514E+00,  1.61585005E+00,  6.73125059E-01,  1.70211613E+00,  8.69249586E-03,  1.04014166E+01,  9.59048278E-04,  2.43172165E-06,  4.43778121E-04,  5.17701879E-04,  0.00000000E+00,  0.00000000E+00,  0.00000000E+00,  0.00000000E+00,  0.00000000E+00, -7.41163249E-10,  0.00000000E+00,  0.00000000E+00,  0.00000000E+00,  0.00000000E+00,  0.00000000E+00,  0.00000000E+00,  5.01626692E-02,  5.01629118E-02,  4.08316638E-02,  3.68601037E-02,  3.68598957E-02,  8.57172878E-02,  6.50021028E-02,  1.36676004E-01,  7.16739012E-02,  2.93257566E-01,  0.00000000E+00,  2.93257566E-01,  3.48295577E-05,  0.00000000E+00,  0.00000000E+00,  4.45282436E-02,  0.00000000E+00,  0.00000000E+00,  4.30384253E-02,  7.00001517E-02,  7.00001517E-02,  6.93269676E-02,  8.60000000E-02,  0.00000000E+00,  8.73506145E-03,  0.00000000E+00,  8.60000000E-02,  6.24839359E-02,  7.00001471E-02,  7.00001490E-02,  7.01270667E-02,       4,       0,  7.99400923E-03,  2.11820531E-01,  5.47538998E-02,  6.06051283E-05,  8.82733745E-06,  120358
  2.71818182E-02,     299,  9.09090909E-05,  3.79675011E-05,  4.96763743E-03,  5.77324904E-04,  0.00000000E+00,  4.08061899E-05,  0.00000000E+00, -1.76956736E+00, -1.76960553E+00, -6.33606656E-01,  2.87651391E-09,  1.76887122E+00,  1.76884197E+00,  5.80803419E-01,  1.76820533E+00,  1.06981132E-02,  1.08207076E+01,  9.59048278E-04,  2.43172165E-06,  4.43779828E-04,  5.17700172E-04,  0.00000000E+00,  0.00000000E+00,  0.00000000E+00,  0.00000000E+00,  0.00000000E+00, -5.13192238E-10,  0.00000000E+00,  0.00000000E+00,  0.00000000E+00,  0.00000000E+00,  0.00000000E+00,  0.00000000E+00,  5.01621969E-02,  5.01625622E-02,  4.08314064E-02,  3.68604646E-02,  3.68601515E-02,  8.57176564E-02,  6.50010139E-02,  1.36675293E-01,  7.16742787E-02,  2.93257566E-01,  0.00000000E+00,  2.93257566E-01,  3.48421465E-05,  0.00000000E+00,  0.00000000E+00,  4.31450301E-02,  0.00000000E+00,  0.00000000E+00,  4.30009316E-02,  6.99986715E-02,  6.99986715E-02,  6.88380848E-02,  8.60000000E-02,  0.00000000E+00,  4.78855692E-03,  0.00000000E+00,  8.60000000E-02,  4.83749136E-02,  6.99986683E-02,  6.99986674E-02,  7.02077590E-02,       4,       0,  9.95666239E-03,  1.33412197E-01,  6.36192569E-02,  1.53687121E-05,  9.21309228E-06,  121024
  3.62727273E-02,     399,  9.09090909E-05,  4.25157218E-05,  4.96763743E-03,  5.77324904E-04,  0.00000000E+00,  4.13810772E-05,  0.00000000E+00, -1.58028777E+00, -1.58024770E+00, -6.25840096E-01,  1.91558554E-09,  1.58029776E+00,  1.58025608E+00,  5.66244566E-01,  1.69032447E+00,  1.20233770E-02,  1.07523640E+01,  9.59048278E-04,  2.43172165E-06,  4.43781017E-04,  5.17698983E-04,  0.00000000E+00,  0.00000000E+00,  0.00000000E+00,  0.00000000E+00,  0.00000000E+00,  3.65329491E-10,  0.00000000E+00,  0.00000000E+00,  0.00000000E+00,  0.00000000E+00,  0.00000000E+00,  0.00000000E+00,  5.01618322E-02,  5.01623160E-02,  4.08314648E-02,  3.68607467E-02,  3.68603320E-02,  8.57177095E-02,  6.49995993E-02,  1.36674565E-01,  7.16749659E-02,  2.93257566E-01,  0.00000000E+00,  2.93257566E-01,  3.48618660E-05,  0.00000000E+00,  0.00000000E+00,  4.34430592E-02,  0.00000000E+00,  0.00000000E+00,  4.30168088E-02,  6.99971334E-02,  6.99971334E-02,  6.83641458E-02,  8.60000000E-02,  0.00000000E+00,  4.85656250E-03,  0.00000000E+00,  8.60000000E-02,  4.56869832E-02,  6.99971278E-02,  6.99971295E-02,  7.03120451E-02,       4,       0,  8.65067356E-03,  1.40376030E-01,  8.41526795E-02,  8.85503350E-05,  9.93470748E-06,  120956
  4.53636364E-02,     499,  9.09090909E-05,  3.88094545E-05,  4.96763743E-03,  5.77324904E-04,  0.00000000E+00,  4.01643375E-05,  0.00000000E+00, -1.73121475E+00, -1.73116639E+00, -6.25181393E-01,  2.61033969E-09,  1.72857885E+00,  1.72863852E+00,  5.24887280E-01,  1.75023541E+00,  1.30335529E-02,  9.17386660E+00,  9.59048278E-04,  2.43172165E-06,  4.43778464E-04,  5.17701536E-04,  0.00000000E+00,  0.00000000E+00,  0.00000000E+00,  0.00000000E+00,  0.00000000E+00, -2.74035079E-10,  0.00000000E+00,  0.00000000E+00,  0.00000000E+00,  0.00000000E+00,  0.00000000E+00,  0.00000000E+00,  5.01622471E-02,  5.01628642E-02,  4.08325871E-02,  3.68604566E-02,  3.68599277E-02,  8.57165261E-02,  6.49998024E-02,  1.36674585E-01,  7.16747827E-02,  2.93257566E-01,  0.00000000E+00,  2.93257566E-01,  3.48865010E-05,  0.00000000E+00,  0.00000000E+00,  4.36317363E-02,  0.00000000E+00,  0.00000000E+00,  4.30039870E-02,  6.99971864E-02,  6.99971864E-02,  6.79826260E-02,  8.60000000E-02,  0.00000000E+00,  6.04762676E-03,  0.00000000E+00,  8.60000000E-02,  3.87360321E-02,  6.99971835E-02,  6.99971793E-02,  7.04310704E-02,       7,       0,  6.02661541E-02,  2.44136632E-01,  1.08598288E-02,  1.54667544E-05,  8.12207247E-06,  121448
  5.44545455E-02,     599,  9.09090909E-05,  3.83234504E-05,  4.96763743E-03,  5.77324904E-04,  0.00000000E+00,  4.20396345E-05,  0.00000000E+00, -1.75284114E+00, -1.75216288E+00, -6.71355774E-01,  4.40303956E-10,  1.75242184E+00,  1.75316939E+00,  5.72972276E-01,  1.76303478E+00,  1.41634729E-02,  1.07733679E+01,  9.59048278E-04,  2.43172165E-06,  4.43781000E-04,  5.17699000E-04,  0.00000000E+00,  0.00000000E+00,  0.00000000E+00,  0.00000000E+00,  0.00000000E+00,  4.34775974E-10,  0.00000000E+00,  0.00000000E+00,  0.00000000E+00,  0.00000000E+00,  0.00000000E+00,  0.00000000E+00,  5.01615617E-02,  5.01623340E-02,  4.08324336E-02,  3.68609791E-02,  3.68603170E-02,  8.57168776E-02,  6.50002643E-02,  1.36674635E-01,  7.16743705E-02,  2.93257566E-01,  0.00000000E+00,  2.93257566E-01,  3.49092158E-05,  0.00000000E+00,  0.00000000E+00,  4.36661534E-02,  0.00000000E+00,  0.00000000E+00,  4.32417945E-02,  6.99972983E-02,  6.99972983E-02,  6.76967616E-02,  8.60000000E-02,  0.00000000E+00,  7.67460197E-03,  0.00000000E+00,  8.60000000E-02,  3.22509366E-02,  6.99972945E-02,  6.99972920E-02,  7.05042388E-02,       4,       0,  6.17355156E-03,  8.29853702E-02,  1.53868184E-02,  5.81188333E-05,  7.60906008E-06,  122224
  6.35454545E-02,     699,  9.09090909E-05,  4.14746755E-05,  4.96763743E-03,  5.77324904E-04,  0.00000000E+00,  4.31642677E-05,  0.00000000E+00, -1.61995468E+00, -1.61992037E+00, -7.25117655E-01,  1.32877118E-08,  1.61994733E+00,  1.61996445E+00,  6.09350461E-01,  1.78931327E+00,  1.52522016E-02,  1.67691482E+01,  9.59048278E-04,  2.43172165E-06,  4.43783540E-04,  5.17696460E-04,  0.00000000E+00,  0.00000000E+00,  0.00000000E+00,  0.00000000E+00,  0.00000000E+00,  4.09219563E-10,  0.00000000E+00,  0.00000000E+00,  0.00000000E+00,  0.00000000E+00,  0.00000000E+00,  0.00000000E+00,  5.01608921E-02,  5.01617866E-02,  4.08321970E-02,  3.68614878E-02,  3.68607210E-02,  8.57173006E-02,  6.50004344E-02,  1.36674653E-01,  7.16742187E-02,  2.93257566E-01,  0.00000000E+00,  2.93257566E-01,  3.49274954E-05,  0.00000000E+00,  0.00000000E+00,  4.36374006E-02,  0.00000000E+00,  0.00000000E+00,  4.37049224E-02,  6.99973412E-02,  6.99973412E-02,  6.74854015E-02,  8.60000000E-02,  0.00000000E+00,  7.76107638E-03,  0.00000000E+00,  8.60000000E-02,  3.15802082E-02,  6.99973367E-02,  6.99973326E-02,  7.05490965E-02,       4,       0,  8.13178828E-03,  2.05564126E-01,  6.62713636E-02,  1.14086847E-04,  9.31386220E-06,  122470
  7.26363636E-02,     799,  9.09090909E-05,  3.84971709E-05,  4.96763743E-03,  5.77324904E-04,  0.00000000E+00,  4.14963456E-05,  0.00000000E+00, -1.74523448E+00, -1.74525812E+00, -7.08542887E-01,  1.08054813E-08,  1.74513342E+00,  1.74509910E+00,  5.78576908E-01,  1.75019605E+00,  1.58224104E-02,  1.56321917E+01,  9.59048278E-04,  2.43172165E-06,  4.43785819E-04,  5.17694181E-04,  0.00000000E+00,  0.00000000E+00,  0.00000000E+00,  0.00000000E+00,  0.00000000E+00,  4.90544607E-10,  0.00000000E+00,  0.00000000E+00,  0.00000000E+00,  0.00000000E+00,  0.00000000E+00,  0.00000000E+00,  5.01602442E-02,  5.01612933E-02,  4.08318646E-02,  3.68619847E-02,  3.68610853E-02,  8.57177831E-02,  6.50010011E-02,  1.36674716E-01,  7.16737147E-02,  2.93257566E-01,  0.00000000E+00,  2.93257566E-01,  3.49390904E-05,  0.00000000E+00,  0.00000000E+00,  4.36718750E-02,  0.00000000E+00,  0.00000000E+00,  4.36718750E-02,  6.99974805E-02,  6.99974805E-02,  6.73373795E-02,  8.60000000E-02,  0.00000000E+00,  9.40625000E-03,  0.00000000E+00,  8.60000000E-02,  2.82187500E-02,  6.99974778E-02,  6.99974710E-02,  7.05987392E-02,       4,       0,  9.86808763E-03,  1.24027713E-01,  7.17130668E-02,  1.74777721E-04,  8.64675399E-06,  122652
  8.17272727E-02,     899,  9.09090909E-05,  3.91678267E-05,  4.96763743E-03,  5.77324904E-04,  0.00000000E+00,  4.12907954E-05,  0.00000000E+00, -1.71484372E+00, -1.71537473E+00, -6.85578020E-01,  8.06252514E-08,  1.71455257E+00,  1.71394381E+00,  5.96667169E-01,  1.73700617E+00,  1.64958819E-02,  1.17131755E+01,  9.59048278E-04,  2.43172165E-06,  4.43781565E-04,  5.17698435E-04,  0.00000000E+00,  0.00000000E+00,  0.00000000E+00,  0.00000000E+00,  0.00000000E+00,  6.56280479E-10,  0.00000000E+00,  0.00000000E+00,  0.00000000E+00,  0.00000000E+00,  0.00000000E+00,  0.00000000E+00,  5.01609403E-02,  5.01621449E-02,  4.08329652E-02,  3.68614972E-02,  3.68604646E-02,  8.57164708E-02,  6.50019736E-02,  1.36675084E-01,  7.16731104E-02,  2.93257566E-01,  0.00000000E+00,  2.93257566E-01,  3.49427752E-05,  0.00000000E+00,  0.00000000E+00,  4.35077983E-02,  0.00000000E+00,  0.00000000E+00,  4.36849688E-02,  6.99982507E-02,  6.99982507E-02,  6.72508120E-02,  8.60000000E-02,  0.00000000E+00,  1.10727175E-02,  0.00000000E+00,  8.60000000E-02,  2.41895915E-02,  6.99982455E-02,  6.99982419E-02,  7.06121908E-02,       4,       0,  8.55379769E-03,  1.50405072E-01,  8.86210172E-02,  5.91717192E-05,  8.94038115E-06,  122704
  9.08181818E-02,     999,  9.09090909E-05,  3.90318975E-05,  4.96763743E-03,  5.77324904E-04,  0.00000000E+00,  4.14733066E-05,  0.00000000E+00, -1.72126980E+00, -1.72134855E+00, -7.26220308E-01,  1.39453035E-09,  1.71755326E+00,  1.71751240E+00,  5.61839411E-01,  1.73280652E+00,  1.72369287E-02,  1.05553487E+01,  9.59048278E-04,  2.43172165E-06,  4.43782684E-04,  5.17697316E-04,  0.00000000E+00,  0.00000000E+00,  0.00000000E+00,  0.00000000E+00,  0.00000000E+00, -3.52129006E-10,  0.00000000E+00,  0.00000000E+00,  0.00000000E+00,  0.00000000E+00,  0.00000000E+00,  0.00000000E+00,  5.01604717E-02,  5.01618635E-02,  4.08325710E-02,  3.68618702E-02,  3.68606771E-02,  8.57169058E-02,  6.50023410E-02,  1.36675119E-01,  7.16727776E-02,  2.93257566E-01,  0.00000000E+00,  2.93257566E-01,  3.49413701E-05,  0.00000000E+00,  0.00000000E+00,  4.35204324E-02,  0.00000000E+00,  0.00000000E+00,  4.36991156E-02,  6.99983428E-02,  6.99983428E-02,  6.72055684E-02,  8.60000000E-02,  0.00000000E+00,  1.11286451E-02,  0.00000000E+00,  8.60000000E-02,  2.35201154E-02,  6.99983404E-02,  6.99983327E-02,  7.06409804E-02,       7,       0,  6.13829360E-02,  2.45754998E-01,  1.30843745E-02,  1.17903103E-04,  9.93529327E-06,  122556
  9.99090909E-02,    1099,  9.09090909E-05,  3.97837798E-05,  4.96763743E-03,  5.77324904E-04,  0.00000000E+00,  4.35358030E-05,  0.00000000E+00, -1.68841889E+00, -1.68839869E+00, -7.20884646E-01,  2.57590779E-09,  1.68851529E+00,  1.68881641E+00,  5.73109074E-01,  1.69793444E+00,  1.77872517E-02,  1.41545544E+01,  9.59048278E-04,  2.43172165E-06,  4.43785168E-04,  5.17694832E-04,  0.00000000E+00,  0.00000000E+00,  0.00000000E+00,  0.00000000E+00,  0.00000000E+00,  2.96739621E-10,  0.00000000E+00,  0.00000000E+00,  0.00000000E+00,  0.00000000E+00,  0.00000000E+00,  0.00000000E+00,  5.01596296E-02,  5.01612779E-02,  4.08317376E-02,  3.68625282E-02,  3.68611152E-02,  8.57178355E-02,  6.50027974E-02,  1.36675174E-01,  7.16723764E-02,  2.93257566E-01,  0.00000000E+00,  2.93257566E-01,  3.49401920E-05,  0.00000000E+00,  0.00000000E+00,  4.35121919E-02,  0.00000000E+00,  0.00000000E+00,  4.37056696E-02,  6.99984510E-02,  6.99984510E-02,  6.72085923E-02,  8.60000000E-02,  0.00000000E+00,  2.21786669E-02,  0.00000000E+00,  8.60000000E-02,  7.38937500E-02,  6.99984482E-02,  6.99984444E-02,  7.06956774E-02,       4,       0,  6.00108596E-03,  8.07770683E-02,  1.47939058E-02,  1.39912353E-04,  1.38229503E-05,  122524
  1.09000000E-01,    1199,  9.09090909E-05,  4.13198063E-05,  4.96763743E-03,  5.77324904E-04,  0.00000000E+00,  4.11288141E-05,  0.00000000E+00, -1.62603618E+00, -1.62591917E+00, -7.43798801E-01,  2.55839623E-09,  1.62592830E+00,  1.62594077E+00,  5.92683946E-01,  1.73727514E+00,  1.86353937E-02,  1.69843561E+01,  9.59048278E-04,  2.43172165E-06,  4.43781622E-04,  5.17698378E-04,  0.00000000E+00,  0.00000000E+00,  0.00000000E+00,  0.00000000E+00,  0.00000000E+00,  9.00310940E-11,  0.00000000E+00,  0.00000000E+00,  0.00000000E+00,  0.00000000E+00,  0.00000000E+00,  0.00000000E+00,  5.01599896E-02,  5.01619162E-02,  4.08323590E-02,  3.68623107E-02,  3.68606591E-02,  8.57169954E-02,  6.50034947E-02,  1.36675514E-01,  7.16720198E-02,  2.93257566E-01,  0.00000000E+00,  2.93257566E-01,  3.49381485E-05,  0.00000000E+00,  0.00000000E+00,  4.35168497E-02,  0.00000000E+00,  0.00000000E+00,  4.36784777E-02,  6.99991569E-02,  6.99991569E-02,  6.72535761E-02,  8.60000000E-02,  0.00000000E+00,  2.08294376E-02,  0.00000000E+00,  8.60000000E-02,  7.34693382E-02,  6.99991535E-02,  6.99991508E-02,  7.07356275E-02,       4,       0,  8.61511411E-03,  2.14393300E-01,  8.21601472E-02,  2.97172099E-05,  1.01913319E-05,  122356
  1.18090909E-01,    1299,  9.09090909E-05,  3.85374239E-05,  4.96763743E-03,  5.77324904E-04,  0.00000000E+00,  4.08724964E-05,  0.00000000E+00, -1.74343516E+00, -1.74330204E+00, -7.58974328E-01,  1.08428474E-09,  1.74335062E+00,  1.74333076E+00,  5.58753366E-01,  1.74283189E+00,  1.93369410E-02,  1.15497433E+01,  9.59048278E-04,  2.43172165E-06,  4.43784322E-04,  5.17695678E-04,  0.00000000E+00,  0.00000000E+00,  0.00000000E+00,  0.00000000E+00,  0.00000000E+00,  1.44701583E-10,  0.00000000E+00,  0.00000000E+00,  0.00000000E+00,  0.00000000E+00,  0.00000000E+00,  0.00000000E+00,  5.01589287E-02,  5.01612003E-02,  4.08314604E-02,  3.68631508E-02,  3.68612035E-02,  8.57179998E-02,  6.50038437E-02,  1.36675551E-01,  7.16717068E-02,  2.93257566E-01,  0.00000000E+00,  2.93257566E-01,  3.49402579E-05,  0.00000000E+00,  0.00000000E+00,  4.34506739E-02,  0.00000000E+00,  0.00000000E+00,  4.36894843E-02,  6.99992427E-02,  6.99992427E-02,  6.73312080E-02,  8.60000000E-02,  0.00000000E+00,  1.94894900E-02,  0.00000000E+00,  8.60000000E-02,  7.18805585E-02,  6.99992407E-02,  6.99992385E-02,  7.08002024E-02,       5,       0,  1.71693028E-02,  1.37417234E-01,  1.10197534E-02,  8.99930878E-05,  1.32533565E-05,  122460
  1.27181818E-01,    1399,  9.09090909E-05,  3.79295252E-05,  4.96763743E-03,  5.77324904E-04,  0.00000000E+00,  4.17269296E-05,  0.00000000E+00, -1.77137730E+00, -1.77045984E+00, -7.08701058E-01,  3.46277077E-09,  1.76943706E+00,  1.76972432E+00,  5.61662029E-01,  1.80485692E+00,  2.01212177E-02,  1.07277185E+01,  9.59048278E-04,  2.43172165E-06,  4.43782559E-04,  5.17697441E-04,  0.00000000E+00,  0.00000000E+00,  0.00000000E+00,  0.00000000E+00,  0.00000000E+00,  5.59743189E-10,  0.00000000E+00,  0.00000000E+00,  0.00000000E+00,  0.00000000E+00,  0.00000000E+00,  0.00000000E+00,  5.01587437E-02,  5.01613332E-02,  4.08317684E-02,  3.68633546E-02,  3.68611349E-02,  8.57175830E-02,  6.50044880E-02,  1.36675905E-01,  7.16714172E-02,  2.93257566E-01,  0.00000000E+00,  2.93257566E-01,  3.49494417E-05,  0.00000000E+00,  0.00000000E+00,  4.36281007E-02,  0.00000000E+00,  0.00000000E+00,  4.37127919E-02,  6.99999624E-02,  6.99999624E-02,  6.74415407E-02,  8.60000000E-02,  0.00000000E+00,  1.79880642E-02,  0.00000000E+00,  8.60000000E-02,  7.05289739E-02,  6.99999554E-02,  6.99999606E-02,  7.08541914E-02,       4,       0,  8.51240978E-03,  1.32143280E-01,  8.13248105E-02,  1.46136500E-04,  1.63278797E-05,  121706
  1.36272727E-01,    1499,  9.09090909E-05,  3.90372523E-05,  4.96763743E-03,  5.77324904E-04,  0.00000000E+00,  4.04324614E-05,  0.00000000E+00, -1.72102181E+00, -1.72111243E+00, -7.68963575E-01,  8.32445707E-09,  1.71820772E+00,  1.71825102E+00,  5.73113388E-01,  1.74184016E+00,  2.10594450E-02,  1.08089612E+01,  9.59048278E-04,  2.43172165E-06,  4.43785953E-04,  5.17694047E-04,  0.00000000E+00,  0.00000000E+00,  0.00000000E+00,  0.00000000E+00,  0.00000000E+00, -4.27125109E-10,  0.00000000E+00,  0.00000000E+00,  0.00000000E+00,  0.00000000E+00,  0.00000000E+00,  0.00000000E+00,  5.01574104E-02,  5.01602809E-02,  4.08308356E-02,  3.68644104E-02,  3.68619498E-02,  8.57186769E-02,  6.50044196E-02,  1.36675893E-01,  7.16714739E-02,  2.93257566E-01,  0.00000000E+00,  2.93257566E-01,  3.49576242E-05,  0.00000000E+00,  0.00000000E+00,  4.36633089E-02,  0.00000000E+00,  0.00000000E+00,  4.36802996E-02,  6.99999515E-02,  6.99999515E-02,  6.75664138E-02,  8.60000000E-02,  0.00000000E+00,  1.67985238E-02,  0.00000000E+00,  8.60000000E-02,  6.90535471E-02,  6.99999440E-02,  6.99999479E-02,  7.08744975E-02,       7,       0,  6.13739974E-02,  2.41597186E-01,  1.22591528E-02,  3.02148131E-05,  2.00189452E-05,  121508
  1.45363636E-01,    1599,  9.09090909E-05,  3.90649484E-05,  4.96763743E-03,  5.77324904E-04,  0.00000000E+00,  4.13539766E-05,  0.00000000E+00, -1.71989082E+00, -1.71978651E+00, -7.71129460E-01,  6.00816285E-09,  1.71989220E+00,  1.71979069E+00,  5.34537383E-01,  1.71610815E+00,  2.17549042E-02,  1.24334291E+01,  9.59048278E-04,  2.43172165E-06,  4.43782445E-04,  5.17697555E-04,  0.00000000E+00,  0.00000000E+00,  0.00000000E+00,  0.00000000E+00,  0.00000000E+00,  3.61721557E-10,  0.00000000E+00,  0.00000000E+00,  0.00000000E+00,  0.00000000E+00,  0.00000000E+00,  0.00000000E+00,  5.01574140E-02,  5.01605435E-02,  4.08317529E-02,  3.68644974E-02,  3.68618147E-02,  8.57175863E-02,  6.50052335E-02,  1.36676244E-01,  7.16710101E-02,  2.93257566E-01,  0.00000000E+00,  2.93257566E-01,  3.49736591E-05,  0.00000000E+00,  0.00000000E+00,  4.36458732E-02,  0.00000000E+00,  0.00000000E+00,  4.36967951E-02,  7.00006831E-02,  7.00006831E-02,  6.76772868E-02,  8.60000000E-02,  0.00000000E+00,  1.60066275E-02,  0.00000000E+00,  8.60000000E-02,  6.71720404E-02,  7.00006714E-02,  7.00006818E-02,  7.09069042E-02,       4,       0,  8.37844567E-03,  1.44886486E-01,  4.48218620E-02,  8.86167549E-05,  1.41481523E-05,  121340
  1.54454545E-01,    1699,  9.09090909E-05,  4.10403764E-05,  4.96763743E-03,  5.77324904E-04,  0.00000000E+00,  4.23081728E-05,  0.00000000E+00, -1.63710731E+00, -1.63668710E+00, -7.62498711E-01,  3.62080933E-09,  1.63664636E+00,  1.63663442E+00,  6.33474040E-01,  1.73179363E+00,  2.26059272E-02,  1.64757868E+01,  9.59048278E-04,  2.43172165E-06,  4.43779955E-04,  5.17700045E-04,  0.00000000E+00,  0.00000000E+00,  0.00000000E+00,  0.00000000E+00,  0.00000000E+00,  2.28448306E-10,  0.00000000E+00,  0.00000000E+00,  0.00000000E+00,  0.00000000E+00,  0.00000000E+00,  0.00000000E+00,  5.01571319E-02,  5.01604380E-02,  4.08324757E-02,  3.68648031E-02,  3.68619692E-02,  8.57167508E-02,  6.50048887E-02,  1.36676210E-01,  7.16713210E-02,  2.93257566E-01,  0.00000000E+00,  2.93257566E-01,  3.49907139E-05,  0.00000000E+00,  0.00000000E+00,  4.36280323E-02,  0.00000000E+00,  0.00000000E+00,  4.37128196E-02,  7.00006036E-02,  7.00006036E-02,  6.77735973E-02,  8.60000000E-02,  0.00000000E+00,  1.49198261E-02,  0.00000000E+00,  8.60000000E-02,  6.44686908E-02,  7.00005866E-02,  7.00005993E-02,  7.09014411E-02,       4,       0,  8.68691363E-03,  1.51247553E-01,  6.69360800E-02,  1.44346529E-04,  1.63527060E-05,  121698
  1.63545455E-01,    1799,  9.09090909E-05,  3.78735879E-05,  4.96763743E-03,  5.77324904E-04,  0.00000000E+00,  4.13378232E-05,  0.00000000E+00, -1.77399353E+00, -1.77276041E+00, -7.82073011E-01,  3.00165378E-10,  1.77189152E+00,  1.77203916E+00,  6.07298322E-01,  1.77321375E+00,  2.32673684E-02,  1.83191962E+01,  9.59048278E-04,  2.43172165E-06,  4.43777262E-04,  5.17702738E-04,  0.00000000E+00,  0.00000000E+00,  0.00000000E+00,  0.00000000E+00,  0.00000000E+00,  5.81338031E-11,  0.00000000E+00,  0.00000000E+00,  0.00000000E+00,  0.00000000E+00,  0.00000000E+00,  0.00000000E+00,  5.01567734E-02,  5.01602230E-02,  4.08332550E-02,  3.68651796E-02,  3.68622226E-02,  8.57158494E-02,  6.50050565E-02,  1.36676223E-01,  7.16711663E-02,  2.93257566E-01,  0.00000000E+00,  2.93257566E-01,  3.50038646E-05,  0.00000000E+00,  0.00000000E+00,  4.36633219E-02,  0.00000000E+00,  0.00000000E+00,  4.36802683E-02,  7.00006472E-02,  7.00006472E-02,  6.78437058E-02,  8.60000000E-02,  0.00000000E+00,  1.41128316E-02,  0.00000000E+00,  8.60000000E-02,  6.12748275E-02,  7.00006283E-02,  7.00006413E-02,  7.08796289E-02,       5,       0,  1.65069556E-02,  1.18891158E-01,  8.71502917E-03,  2.94769468E-05,  2.01836698E-05,  121956
  1.72636364E-01,    1899,  9.09090909E-05,  4.05317133E-05,  4.96763743E-03,  5.77324904E-04,  0.00000000E+00,  4.16471874E-05,  0.00000000E+00, -1.65525026E+00, -1.65643501E+00, -7.61713232E-01,  5.32093596E-09,  1.65765260E+00,  1.65679181E+00,  5.74427857E-01,  1.72554049E+00,  2.39008460E-02,  1.81023134E+01,  9.59048278E-04,  2.43172165E-06,  4.43781250E-04,  5.17698750E-04,  0.00000000E+00,  0.00000000E+00,  0.00000000E+00,  0.00000000E+00,  0.00000000E+00,  3.81983705E-10,  0.00000000E+00,  0.00000000E+00,  0.00000000E+00,  0.00000000E+00,  0.00000000E+00,  0.00000000E+00,  5.01549476E-02,  5.01584447E-02,  4.08325389E-02,  3.68666424E-02,  3.68636446E-02,  8.57168089E-02,  6.50042465E-02,  1.36675886E-01,  7.16716395E-02,  2.93257566E-01,  0.00000000E+00,  2.93257566E-01,  3.50334044E-05,  0.00000000E+00,  0.00000000E+00,  4.36459259E-02,  0.00000000E+00,  0.00000000E+00,  4.36967480E-02,  6.99999243E-02,  6.99999243E-02,  6.78551996E-02,  8.60000000E-02,  0.00000000E+00,  1.21047393E-02,  0.00000000E+00,  8.60000000E-02,  5.70846356E-02,  6.99998976E-02,  6.99999181E-02,  7.09125675E-02,       4,       0,  8.65037061E-03,  1.15658241E-01,  7.55920662E-02,  8.79702258E-05,  1.85060437E-05,  122532
